﻿{
  "WatchFace_Info": {
    "DeviceName": "Active 2",
    "WatchFaceId": 3566055,
    "Preview": "0002"
  },
  "ScreenNormal": {
    "Background": {
      "visible": true,
      "BackgroundImage": {
        "position": -1,
        "visible": true,
        "show_level": "ONLY_NORMAL",
        "x": 0,
        "y": 0,
        "w": 466,
        "h": 538,
        "src": "0001",
        "alpha": 255
      }
    },
    "Elements": [
      {
        "elementName": "ElementBattery",
        "visible": true,
        "Images": {
          "position": 10,
          "visible": true,
          "shortcut": false,
          "show_level": "",
          "X": 325,
          "Y": 69,
          "img_First": "b_1",
          "image_length": 9,
          "img_error": "",
          "alpha": 255
        },
        "Segments": {
          "position": 9,
          "visible": false,
          "show_level": "",
          "image_length": 0
        },
        "Number": {
          "position": 1,
          "visible": false,
          "align": "CENTER_H",
          "show_level": "",
          "imageX": 290,
          "imageY": 442,
          "space": 4,
          "zero": false,
          "img_First": "0013",
          "iconPosX": 0,
          "iconPosY": 0,
          "angle": 0,
          "follow": false,
          "unit_in_alignment": false,
          "alpha": 255,
          "icon_alpha": 255
        },
        "Number_Font": {
          "position": 8,
          "visible": true,
          "show_level": "",
          "x": 384,
          "y": 56,
          "w": 91,
          "h": 48,
          "color": "0xFFC0C0C0",
          "color_2": "0xFFFF0000",
          "use_color_2": false,
          "align_h": "LEFT",
          "align_v": "CENTER_V",
          "text_size": 37,
          "alpha": 255,
          "text_style": "ELLIPSIS",
          "line_space": 0,
          "char_space": 0,
          "font": "",
          "padding": false,
          "unit_type": 1,
          "unit_string": "",
          "unit_end": 0,
          "centreHorizontally": false,
          "centreVertically": false,
          "use_text_circle": false,
          "radius": 179,
          "start_angle": 0,
          "end_angle": 180,
          "mode": 0
        },
        "Text_rotation": {
          "position": 7,
          "visible": false,
          "align": "LEFT",
          "show_level": "",
          "imageX": 0,
          "imageY": 0,
          "space": 0,
          "zero": false,
          "iconPosX": 0,
          "iconPosY": 0,
          "angle": 0,
          "follow": false,
          "unit_in_alignment": false,
          "alpha": 255,
          "icon_alpha": 255
        },
        "Text_circle": {
          "position": 6,
          "visible": false,
          "show_level": "",
          "circle_center_X": 0,
          "circle_center_Y": 0,
          "radius": 119,
          "angle": 0,
          "char_space_angle": 0,
          "zero": false,
          "vertical_alignment": "BOTTOM",
          "horizontal_alignment": "LEFT",
          "reverse_direction": false,
          "unit_in_alignment": true
        },
        "Pointer": {
          "position": 5,
          "visible": false,
          "show_level": "",
          "center_x": 0,
          "center_y": 0,
          "pos_x": 0,
          "pos_y": 0,
          "start_angle": 0,
          "end_angle": 360,
          "cover_x": 0,
          "cover_y": 0,
          "scale_x": 0,
          "scale_y": 0
        },
        "Circle_Scale": {
          "position": 4,
          "visible": false,
          "end_angle": 180,
          "show_level": "",
          "center_x": 0,
          "center_y": 0,
          "start_angle": 0,
          "color": "0xFFFF8C00",
          "radius": 119,
          "line_width": 6,
          "line_cap": "Rounded",
          "mirror": false,
          "inversion": false,
          "alpha": 255
        },
        "Linear_Scale": {
          "position": 3,
          "visible": false,
          "show_level": "",
          "start_x": 0,
          "start_y": 0,
          "color": "0xFFFF8C00",
          "lenght": 119,
          "line_width": 6,
          "line_cap": "Flat",
          "mirror": false,
          "inversion": false,
          "vertical": false,
          "alpha": 255
        },
        "Icon": {
          "position": 2,
          "visible": false,
          "show_level": "",
          "x": 0,
          "y": 0,
          "alpha": 255
        }
      },
      {
        "elementName": "ElementSteps",
        "visible": true,
        "Images": {
          "position": 14,
          "visible": false,
          "shortcut": false,
          "show_level": "",
          "X": 0,
          "Y": 0,
          "image_length": 0,
          "alpha": 255
        },
        "Segments": {
          "position": 13,
          "visible": false,
          "show_level": "",
          "image_length": 0
        },
        "Number": {
          "position": 1,
          "visible": true,
          "align": "CENTER_H",
          "show_level": "",
          "imageX": 30,
          "imageY": 437,
          "space": 4,
          "zero": false,
          "img_First": "0013",
          "unit": "",
          "imperial_unit": "",
          "icon": "",
          "iconPosX": 0,
          "iconPosY": 0,
          "invalid_image": "",
          "angle": 0,
          "follow": false,
          "unit_in_alignment": false,
          "alpha": 255,
          "icon_alpha": 255
        },
        "Number_Font": {
          "position": 12,
          "visible": false,
          "show_level": "",
          "x": 0,
          "y": 0,
          "w": 179,
          "h": 36,
          "color": "0xFFFF8C00",
          "color_2": "0xFFFF0000",
          "use_color_2": false,
          "align_h": "LEFT",
          "align_v": "TOP",
          "text_size": 24,
          "alpha": 255,
          "text_style": "ELLIPSIS",
          "line_space": 0,
          "char_space": 0,
          "font": "",
          "padding": false,
          "unit_type": 0,
          "unit_string": "",
          "unit_end": 0,
          "centreHorizontally": false,
          "centreVertically": false,
          "use_text_circle": false,
          "radius": 179,
          "start_angle": 0,
          "end_angle": 180,
          "mode": 0
        },
        "Text_rotation": {
          "position": 11,
          "visible": false,
          "align": "LEFT",
          "show_level": "",
          "imageX": 0,
          "imageY": 0,
          "space": 0,
          "zero": false,
          "iconPosX": 0,
          "iconPosY": 0,
          "angle": 0,
          "follow": false,
          "unit_in_alignment": false,
          "alpha": 255,
          "icon_alpha": 255
        },
        "Text_circle": {
          "position": 10,
          "visible": false,
          "show_level": "",
          "circle_center_X": 0,
          "circle_center_Y": 0,
          "radius": 119,
          "angle": 0,
          "char_space_angle": 0,
          "zero": false,
          "vertical_alignment": "BOTTOM",
          "horizontal_alignment": "LEFT",
          "reverse_direction": false,
          "unit_in_alignment": true
        },
        "Number_Target": {
          "position": 9,
          "visible": false,
          "align": "LEFT",
          "show_level": "",
          "imageX": 0,
          "imageY": 0,
          "space": 0,
          "zero": false,
          "iconPosX": 0,
          "iconPosY": 0,
          "angle": 0,
          "follow": false,
          "unit_in_alignment": false,
          "alpha": 255,
          "icon_alpha": 255
        },
        "Number_Target_Font": {
          "position": 8,
          "visible": false,
          "show_level": "",
          "x": 19,
          "y": 421,
          "w": 222,
          "h": 119,
          "color": "0xFFAAAAAA",
          "color_2": "0xFFFF0000",
          "use_color_2": false,
          "align_h": "CENTER_H",
          "align_v": "BOTTOM",
          "text_size": 96,
          "alpha": 255,
          "text_style": "ELLIPSIS",
          "line_space": 0,
          "char_space": 0,
          "font": "Bebas Neue Pro Bold.ttf",
          "padding": false,
          "unit_type": 0,
          "unit_string": "",
          "unit_end": 0,
          "centreHorizontally": false,
          "centreVertically": false,
          "use_text_circle": false,
          "radius": 179,
          "start_angle": 0,
          "end_angle": 180,
          "mode": 0
        },
        "Text_rotation_Target": {
          "position": 7,
          "visible": false,
          "align": "LEFT",
          "show_level": "",
          "imageX": 0,
          "imageY": 0,
          "space": 0,
          "zero": false,
          "iconPosX": 0,
          "iconPosY": 0,
          "angle": 0,
          "follow": false,
          "unit_in_alignment": false,
          "alpha": 255,
          "icon_alpha": 255
        },
        "Text_circle_Target": {
          "position": 6,
          "visible": false,
          "show_level": "",
          "circle_center_X": 0,
          "circle_center_Y": 0,
          "radius": 119,
          "angle": 0,
          "char_space_angle": 0,
          "zero": false,
          "vertical_alignment": "BOTTOM",
          "horizontal_alignment": "LEFT",
          "reverse_direction": false,
          "unit_in_alignment": true
        },
        "Pointer": {
          "position": 5,
          "visible": false,
          "show_level": "",
          "center_x": 0,
          "center_y": 0,
          "pos_x": 0,
          "pos_y": 0,
          "start_angle": 0,
          "end_angle": 360,
          "cover_x": 0,
          "cover_y": 0,
          "scale_x": 0,
          "scale_y": 0
        },
        "Circle_Scale": {
          "position": 4,
          "visible": false,
          "end_angle": 180,
          "show_level": "",
          "center_x": 0,
          "center_y": 0,
          "start_angle": 0,
          "color": "0xFFFF8C00",
          "radius": 119,
          "line_width": 6,
          "line_cap": "Rounded",
          "mirror": false,
          "inversion": false,
          "alpha": 255
        },
        "Linear_Scale": {
          "position": 3,
          "visible": false,
          "show_level": "",
          "start_x": 0,
          "start_y": 0,
          "color": "0xFFFF8C00",
          "lenght": 119,
          "line_width": 6,
          "line_cap": "Flat",
          "mirror": false,
          "inversion": false,
          "vertical": false,
          "alpha": 255
        },
        "Icon": {
          "position": 2,
          "visible": false,
          "show_level": "",
          "x": 0,
          "y": 0,
          "alpha": 255
        }
      },
      {
        "elementName": "DateMonth",
        "visible": true,
        "Images": {
          "position": 1,
          "visible": true,
          "shortcut": false,
          "show_level": "ONLY_NORMAL",
          "X": 119,
          "Y": 25,
          "img_First": "0034",
          "image_length": 12,
          "img_error": "",
          "alpha": 255,
          "type": "MONTH"
        }
      },
      {
        "elementName": "DateWeek",
        "visible": true,
        "Images": {
          "position": 1,
          "visible": true,
          "shortcut": false,
          "show_level": "ONLY_NORMAL",
          "X": 119,
          "Y": 68,
          "img_First": "0027",
          "image_length": 7,
          "img_error": "",
          "alpha": 255
        }
      },
      {
        "elementName": "ElementWeather_v2",
        "visible": true,
        "Group_Current": {
          "position": 7,
          "Number": {
            "position": -1,
            "visible": true,
            "align": "CENTER_H",
            "show_level": "",
            "imageX": 301,
            "imageY": 437,
            "space": 0,
            "zero": false,
            "img_First": "0013",
            "unit": "Gradus",
            "imperial_unit": "",
            "icon": "",
            "iconPosX": 0,
            "iconPosY": 0,
            "negative_image": "Slash",
            "invalid_image": "Vopros",
            "dot_image": "",
            "angle": 0,
            "follow": false,
            "unit_in_alignment": false,
            "alpha": 255,
            "icon_alpha": 255
          },
          "Number_Font": {
            "position": -1,
            "visible": false,
            "show_level": "",
            "x": 266,
            "y": 421,
            "w": 179,
            "h": 119,
            "color": "0xFFAAAAAA",
            "color_2": "0xFFFF0000",
            "use_color_2": false,
            "align_h": "RIGHT",
            "align_v": "BOTTOM",
            "text_size": 96,
            "alpha": 255,
            "text_style": "ELLIPSIS",
            "line_space": 0,
            "char_space": 0,
            "font": "Bebas Neue Pro Bold.ttf",
            "padding": false,
            "unit_type": 1,
            "unit_string": "",
            "unit_end": 0,
            "centreHorizontally": false,
            "centreVertically": false,
            "use_text_circle": false,
            "radius": 179,
            "start_angle": 0,
            "end_angle": 180,
            "mode": 0
          },
          "Text_rotation": {
            "position": -1,
            "visible": false,
            "align": "LEFT",
            "show_level": "",
            "imageX": 0,
            "imageY": 0,
            "space": 0,
            "zero": false,
            "iconPosX": 0,
            "iconPosY": 0,
            "angle": 0,
            "follow": false,
            "unit_in_alignment": false,
            "alpha": 255,
            "icon_alpha": 255
          },
          "Text_circle": {
            "position": -1,
            "visible": false,
            "show_level": "",
            "circle_center_X": 0,
            "circle_center_Y": 0,
            "radius": 119,
            "angle": 0,
            "char_space_angle": 0,
            "zero": false,
            "vertical_alignment": "BOTTOM",
            "horizontal_alignment": "LEFT",
            "reverse_direction": false,
            "unit_in_alignment": true
          }
        },
        "Group_Min": {
          "position": 6,
          "Number": {
            "position": -1,
            "visible": false,
            "align": "LEFT",
            "show_level": "",
            "imageX": 0,
            "imageY": 0,
            "space": 0,
            "zero": false,
            "iconPosX": 0,
            "iconPosY": 0,
            "angle": 0,
            "follow": false,
            "unit_in_alignment": false,
            "alpha": 255,
            "icon_alpha": 255
          },
          "Number_Font": {
            "position": -1,
            "visible": false,
            "show_level": "",
            "x": 0,
            "y": 0,
            "w": 179,
            "h": 36,
            "color": "0xFFFF8C00",
            "color_2": "0xFFFF0000",
            "use_color_2": false,
            "align_h": "LEFT",
            "align_v": "TOP",
            "text_size": 24,
            "alpha": 255,
            "text_style": "ELLIPSIS",
            "line_space": 0,
            "char_space": 0,
            "font": "",
            "padding": false,
            "unit_type": 0,
            "unit_string": "",
            "unit_end": 0,
            "centreHorizontally": false,
            "centreVertically": false,
            "use_text_circle": false,
            "radius": 179,
            "start_angle": 0,
            "end_angle": 180,
            "mode": 0
          },
          "Text_rotation": {
            "position": -1,
            "visible": false,
            "align": "LEFT",
            "show_level": "",
            "imageX": 0,
            "imageY": 0,
            "space": 0,
            "zero": false,
            "iconPosX": 0,
            "iconPosY": 0,
            "angle": 0,
            "follow": false,
            "unit_in_alignment": false,
            "alpha": 255,
            "icon_alpha": 255
          },
          "Text_circle": {
            "position": -1,
            "visible": false,
            "show_level": "",
            "circle_center_X": 0,
            "circle_center_Y": 0,
            "radius": 119,
            "angle": 0,
            "char_space_angle": 0,
            "zero": false,
            "vertical_alignment": "BOTTOM",
            "horizontal_alignment": "LEFT",
            "reverse_direction": false,
            "unit_in_alignment": true
          }
        },
        "Group_Max": {
          "position": 5,
          "Number": {
            "position": -1,
            "visible": false,
            "align": "LEFT",
            "show_level": "",
            "imageX": 0,
            "imageY": 0,
            "space": 0,
            "zero": false,
            "iconPosX": 0,
            "iconPosY": 0,
            "angle": 0,
            "follow": false,
            "unit_in_alignment": false,
            "alpha": 255,
            "icon_alpha": 255
          },
          "Number_Font": {
            "position": -1,
            "visible": false,
            "show_level": "",
            "x": 0,
            "y": 0,
            "w": 179,
            "h": 36,
            "color": "0xFFFF8C00",
            "color_2": "0xFFFF0000",
            "use_color_2": false,
            "align_h": "LEFT",
            "align_v": "TOP",
            "text_size": 24,
            "alpha": 255,
            "text_style": "ELLIPSIS",
            "line_space": 0,
            "char_space": 0,
            "font": "",
            "padding": false,
            "unit_type": 0,
            "unit_string": "",
            "unit_end": 0,
            "centreHorizontally": false,
            "centreVertically": false,
            "use_text_circle": false,
            "radius": 179,
            "start_angle": 0,
            "end_angle": 180,
            "mode": 0
          },
          "Text_rotation": {
            "position": -1,
            "visible": false,
            "align": "LEFT",
            "show_level": "",
            "imageX": 0,
            "imageY": 0,
            "space": 0,
            "zero": false,
            "iconPosX": 0,
            "iconPosY": 0,
            "angle": 0,
            "follow": false,
            "unit_in_alignment": false,
            "alpha": 255,
            "icon_alpha": 255
          },
          "Text_circle": {
            "position": -1,
            "visible": false,
            "show_level": "",
            "circle_center_X": 0,
            "circle_center_Y": 0,
            "radius": 119,
            "angle": 0,
            "char_space_angle": 0,
            "zero": false,
            "vertical_alignment": "BOTTOM",
            "horizontal_alignment": "LEFT",
            "reverse_direction": false,
            "unit_in_alignment": true
          }
        },
        "Group_Max_Min": {
          "position": 4,
          "Number": {
            "position": -1,
            "visible": false,
            "align": "LEFT",
            "show_level": "",
            "imageX": 0,
            "imageY": 0,
            "space": 0,
            "zero": false,
            "iconPosX": 0,
            "iconPosY": 0,
            "angle": 0,
            "follow": false,
            "unit_in_alignment": false,
            "alpha": 255,
            "icon_alpha": 255
          },
          "Number_Font": {
            "position": -1,
            "visible": false,
            "show_level": "",
            "x": 0,
            "y": 0,
            "w": 179,
            "h": 36,
            "color": "0xFFFF8C00",
            "color_2": "0xFFFF0000",
            "use_color_2": false,
            "align_h": "LEFT",
            "align_v": "TOP",
            "text_size": 24,
            "alpha": 255,
            "text_style": "ELLIPSIS",
            "line_space": 0,
            "char_space": 0,
            "font": "",
            "padding": false,
            "unit_type": 0,
            "unit_string": "",
            "unit_end": 0,
            "centreHorizontally": false,
            "centreVertically": false,
            "use_text_circle": false,
            "radius": 179,
            "start_angle": 0,
            "end_angle": 180,
            "mode": 0
          },
          "Text_rotation": {
            "position": -1,
            "visible": false,
            "align": "LEFT",
            "show_level": "",
            "imageX": 0,
            "imageY": 0,
            "space": 0,
            "zero": false,
            "iconPosX": 0,
            "iconPosY": 0,
            "angle": 0,
            "follow": false,
            "unit_in_alignment": false,
            "alpha": 255,
            "icon_alpha": 255
          },
          "Text_circle": {
            "position": -1,
            "visible": false,
            "show_level": "",
            "circle_center_X": 0,
            "circle_center_Y": 0,
            "radius": 119,
            "angle": 0,
            "char_space_angle": 0,
            "zero": false,
            "vertical_alignment": "BOTTOM",
            "horizontal_alignment": "LEFT",
            "reverse_direction": false,
            "unit_in_alignment": true
          }
        },
        "Images": {
          "position": 3,
          "visible": true,
          "shortcut": false,
          "show_level": "",
          "X": 237,
          "Y": 448,
          "img_First": "Wea_1",
          "image_length": 29,
          "img_error": "",
          "alpha": 255
        },
        "City_Name": {
          "position": 2,
          "visible": false,
          "show_level": "",
          "x": 0,
          "y": 0,
          "w": 179,
          "h": 36,
          "color": "0xFFFF8C00",
          "color_2": "0xFFFF0000",
          "use_color_2": false,
          "align_h": "LEFT",
          "align_v": "TOP",
          "text_size": 24,
          "alpha": 255,
          "text_style": "ELLIPSIS",
          "line_space": 0,
          "char_space": 0,
          "font": "",
          "padding": false,
          "unit_type": 0,
          "unit_string": "",
          "unit_end": 0,
          "centreHorizontally": false,
          "centreVertically": false,
          "use_text_circle": false,
          "radius": 179,
          "start_angle": 0,
          "end_angle": 180,
          "mode": 0
        },
        "Icon": {
          "position": 1,
          "visible": false,
          "show_level": "",
          "x": 0,
          "y": 0,
          "alpha": 255
        }
      },
      {
        "elementName": "DateDay",
        "visible": true,
        "Number": {
          "position": 1,
          "visible": true,
          "align": "CENTER_H",
          "show_level": "ONLY_NORMAL",
          "imageX": 36,
          "imageY": 25,
          "space": 6,
          "zero": true,
          "img_First": "0013",
          "unit": "",
          "imperial_unit": "",
          "icon": "",
          "iconPosX": 0,
          "iconPosY": 0,
          "invalid_image": "",
          "dot_image": "",
          "angle": 0,
          "follow": false,
          "unit_in_alignment": false,
          "alpha": 255,
          "icon_alpha": 255,
          "type": "DAY"
        }
      },
      {
        "elementName": "ElementStatuses",
        "visible": true,
        "Alarm": {
          "position": 4,
          "visible": true,
          "show_level": "ONLY_NORMAL",
          "x": 305,
          "y": 24,
          "src": "0025",
          "alpha": 255,
          "type": "Alarm"
        },
        "Bluetooth": {
          "position": 3,
          "visible": true,
          "show_level": "ONLY_NORMAL",
          "x": 357,
          "y": 23,
          "src": "0024",
          "alpha": 255,
          "type": "Bluetooth"
        },
        "DND": {
          "position": 1,
          "visible": true,
          "show_level": "ONLY_NORMAL",
          "x": 333,
          "y": 23,
          "src": "0023",
          "alpha": 255,
          "type": "DND"
        },
        "Lock": {
          "position": 2,
          "visible": true,
          "show_level": "ONLY_NORMAL",
          "x": 387,
          "y": 23,
          "src": "0026",
          "alpha": 255,
          "type": "Lock"
        }
      },
      {
        "elementName": "DigitalTime_v2",
        "visible": true,
        "Group_Minute": {
          "position": 2,
          "Number": {
            "position": -1,
            "visible": true,
            "align": "CENTER_H",
            "show_level": "ONLY_NORMAL",
            "imageX": 256,
            "imageY": 133,
            "space": 7,
            "zero": true,
            "img_First": "0003",
            "iconPosX": 0,
            "iconPosY": 0,
            "angle": 0,
            "follow": false,
            "unit_in_alignment": false,
            "alpha": 255,
            "icon_alpha": 255
          }
        },
        "Group_Hour": {
          "position": 1,
          "Number": {
            "position": -1,
            "visible": true,
            "align": "LEFT",
            "show_level": "ONLY_NORMAL",
            "imageX": 35,
            "imageY": 133,
            "space": 7,
            "zero": true,
            "img_First": "0003",
            "iconPosX": 0,
            "iconPosY": 0,
            "angle": 0,
            "follow": false,
            "unit_in_alignment": false,
            "alpha": 255,
            "icon_alpha": 255
          }
        }
      }
    ]
  },
  "ScreenAOD": {
    "Background": {
      "visible": true,
      "BackgroundImage": {
        "position": -1,
        "visible": true,
        "show_level": "ONLY_AOD",
        "x": 0,
        "y": 0,
        "w": 466,
        "h": 538,
        "src": "0058",
        "alpha": 255
      }
    },
    "Elements": [
      {
        "elementName": "DigitalTime_v2",
        "visible": true,
        "Group_Minute": {
          "position": 2,
          "Number": {
            "position": -1,
            "visible": true,
            "align": "CENTER_H",
            "show_level": "ONLY_AOD",
            "imageX": 256,
            "imageY": 133,
            "space": 7,
            "zero": true,
            "img_First": "0003",
            "iconPosX": 0,
            "iconPosY": 0,
            "angle": 0,
            "follow": false,
            "unit_in_alignment": false,
            "alpha": 255,
            "icon_alpha": 255
          }
        },
        "Group_Hour": {
          "position": 1,
          "Number": {
            "position": -1,
            "visible": true,
            "align": "LEFT",
            "show_level": "ONLY_AOD",
            "imageX": 35,
            "imageY": 133,
            "space": 7,
            "zero": true,
            "img_First": "0003",
            "iconPosX": 0,
            "iconPosY": 0,
            "angle": 0,
            "follow": false,
            "unit_in_alignment": false,
            "alpha": 255,
            "icon_alpha": 255
          }
        }
      }
    ]
  },
  "DisconnectAlert": {
    "enable": true,
    "BluetoothOff": {
      "vibrate": true,
      "vibrateType": 9,
      "toastShow": true,
      "toastText": "А где телефон ?"
    }
  },
  "Shortcuts": {
    "elementName": "ElementShortcuts",
    "visible": true,
    "Step": {
      "position": 4,
      "visible": true,
      "show_level": "ONLY_NORMAL",
      "x": 4,
      "y": 400,
      "w": 239,
      "h": 137,
      "src": "0047",
      "type": "STEP"
    },
    "Cal": {
      "position": -1,
      "visible": false,
      "show_level": "",
      "x": 0,
      "y": 0,
      "w": 119,
      "h": 119
    },
    "Heart": {
      "position": -1,
      "visible": false,
      "show_level": "",
      "x": 0,
      "y": 0,
      "w": 119,
      "h": 119
    },
    "PAI": {
      "position": -1,
      "visible": false,
      "show_level": "",
      "x": 0,
      "y": 0,
      "w": 119,
      "h": 119
    },
    "Battery": {
      "position": 1,
      "visible": false,
      "show_level": "ONLY_NORMAL",
      "x": 289,
      "y": 6,
      "w": 171,
      "h": 108,
      "src": "0047",
      "type": "BATTERY"
    },
    "Sunrise": {
      "position": -1,
      "visible": false,
      "show_level": "",
      "x": 0,
      "y": 0,
      "w": 119,
      "h": 119
    },
    "Moon": {
      "position": -1,
      "visible": false,
      "show_level": "",
      "x": 0,
      "y": 0,
      "w": 119,
      "h": 119
    },
    "BodyTemp": {
      "position": -1,
      "visible": false,
      "show_level": "",
      "x": 0,
      "y": 0,
      "w": 119,
      "h": 119
    },
    "Weather": {
      "position": -1,
      "visible": true,
      "show_level": "",
      "x": 249,
      "y": 400,
      "w": 214,
      "h": 137,
      "src": ""
    },
    "Stand": {
      "position": -1,
      "visible": false,
      "show_level": "",
      "x": 0,
      "y": 0,
      "w": 119,
      "h": 119
    },
    "SPO2": {
      "position": -1,
      "visible": false,
      "show_level": "",
      "x": 0,
      "y": 0,
      "w": 119,
      "h": 119
    },
    "Altimeter": {
      "position": -1,
      "visible": false,
      "show_level": "",
      "x": 0,
      "y": 0,
      "w": 119,
      "h": 119
    },
    "Stress": {
      "position": -1,
      "visible": false,
      "show_level": "",
      "x": 0,
      "y": 0,
      "w": 119,
      "h": 119
    },
    "Countdown": {
      "position": 2,
      "visible": true,
      "show_level": "ONLY_NORMAL",
      "x": 250,
      "y": 131,
      "w": 189,
      "h": 247,
      "type": "COUNT_DOWN"
    },
    "Stopwatch": {
      "position": -1,
      "visible": false,
      "show_level": "",
      "x": 0,
      "y": 0,
      "w": 119,
      "h": 119
    },
    "Alarm": {
      "position": 3,
      "visible": true,
      "show_level": "ONLY_NORMAL",
      "x": 26,
      "y": 131,
      "w": 190,
      "h": 246,
      "src": "0047",
      "type": "ALARM_CLOCK"
    },
    "Sleep": {
      "position": -1,
      "visible": false,
      "show_level": "",
      "x": 0,
      "y": 0,
      "w": 119,
      "h": 119
    },
    "Altitude": {
      "position": -1,
      "visible": false,
      "show_level": "",
      "x": 0,
      "y": 0,
      "w": 119,
      "h": 119
    },
    "Readiness": {
      "position": -1,
      "visible": false,
      "show_level": "",
      "x": 0,
      "y": 0,
      "w": 119,
      "h": 119
    },
    "OutdoorRunning": {
      "position": -1,
      "visible": false,
      "show_level": "",
      "x": 0,
      "y": 0,
      "w": 119,
      "h": 119
    },
    "Walking": {
      "position": -1,
      "visible": false,
      "show_level": "",
      "x": 0,
      "y": 0,
      "w": 119,
      "h": 119
    },
    "OutdoorCycling": {
      "position": -1,
      "visible": false,
      "show_level": "",
      "x": 0,
      "y": 0,
      "w": 119,
      "h": 119
    },
    "FreeTraining": {
      "position": -1,
      "visible": false,
      "show_level": "",
      "x": 0,
      "y": 0,
      "w": 119,
      "h": 119
    },
    "PoolSwimming": {
      "position": -1,
      "visible": false,
      "show_level": "",
      "x": 0,
      "y": 0,
      "w": 119,
      "h": 119
    },
    "OpenWaterSwimming": {
      "position": -1,
      "visible": false,
      "show_level": "",
      "x": 0,
      "y": 0,
      "w": 119,
      "h": 119
    },
    "TrainingLoad": {
      "position": -1,
      "visible": false,
      "show_level": "",
      "x": 0,
      "y": 0,
      "w": 119,
      "h": 119
    },
    "VO2max": {
      "position": -1,
      "visible": false,
      "show_level": "",
      "x": 0,
      "y": 0,
      "w": 119,
      "h": 119
    },
    "RecoveryTime": {
      "position": -1,
      "visible": false,
      "show_level": "",
      "x": 0,
      "y": 0,
      "w": 119,
      "h": 119
    },
    "BreathTrain": {
      "position": -1,
      "visible": false,
      "show_level": "",
      "x": 0,
      "y": 0,
      "w": 119,
      "h": 119
    },
    "FatBurning": {
      "position": -1,
      "visible": false,
      "show_level": "",
      "x": 0,
      "y": 0,
      "w": 119,
      "h": 119
    }
  },
  "Buttons": {
    "enable": true,
    "Button": [
      {
        "position": -1,
        "x": 27,
        "y": 0,
        "h": 109,
        "w": 260,
        "text": "",
        "color": "0xFFFF8C00",
        "text_size": 30,
        "press_src": "0047",
        "normal_src": "0047",
        "press_color": "0xFFA0A0A0",
        "normal_color": "0xFF696969",
        "radius": 14,
        "click_func": "hmApp.startApp({url: 'ScheduleCalScreen', native: true });",
        "longpress_func": "",
        "vibro": false,
        "visible": true
      }
    ]
  },
  "SwitchBackground": {
    "enable": true,
    "Button": {
      "position": -1,
      "x": 296,
      "y": 2,
      "h": 106,
      "w": 155,
      "text": "",
      "color": "0xFFFF8C00",
      "text_size": 30,
      "press_src": "0047",
      "normal_src": "0047",
      "press_color": "0xFFA0A0A0",
      "normal_color": "0xFF696969",
      "radius": 14,
      "click_func": "switchBackground();",
      "longpress_func": "",
      "vibro": false,
      "visible": true
    },
    "bg_list": [
      "0001",
      "0048",
      "0049",
      "0050",
      "0051",
      "0052",
      "0053",
      "0054",
      "0055",
      "0056",
      "0057"
    ],
    "toast_list": [
      "Фон %s",
      "Фон %s",
      "Фон %s",
      "Фон %s",
      "Фон %s",
      "Фон %s",
      "Фон %s",
      "Фон %s",
      "Фон %s",
      "Фон %s",
      "Фон %s"
    ],
    "use_crown": false,
    "use_in_AOD": false,
    "vibro": false,
    "select_index": 1
  }
}